<?xml version="1.0" encoding="UTF-8"?>
<!-- Copyright (C) 2009 eXo Platform SAS. This is free software; you can 
	redistribute it and/or modify it under the terms of the GNU Lesser General 
	Public License as published by the Free Software Foundation; either version 
	2.1 of the License, or (at your option) any later version. This software 
	is distributed in the hope that it will be useful, but WITHOUT ANY WARRANTY; 
	without even the implied warranty of MERCHANTABILITY or FITNESS FOR A PARTICULAR 
	PURPOSE. See the GNU Lesser General Public License for more details. You 
	should have received a copy of the GNU Lesser General Public License along 
	with this software; if not, write to the Free Software Foundation, Inc., 
	51 Franklin St, Fifth Floor, Boston, MA 02110-1301 USA, or see the FSF site: 
	http://www.fsf.org. -->

<portlet-app xmlns="http://java.sun.com/xml/ns/portlet/portlet-app_2_0.xsd"
	version="2.0" xmlns:xsi="http://www.w3.org/2001/XMLSchema-instance"
	xsi:schemaLocation="http://java.sun.com/xml/ns/portlet/portlet-app_2_0.xsd http://java.sun.com/xml/ns/portlet/portlet-app_2_0.xsd">
	<portlet>
		<description xml:lang="IT">Gadget Registry Portlet</description>
		<portlet-name>GadgetRegistryPortlet</portlet-name>
		<display-name>Gadget Registry Portlet</display-name>
		<portlet-class>chapter9.GadgetRegistryPortlet</portlet-class>
		<expiration-cache>0</expiration-cache>
		<supports>
			<mime-type>text/html</mime-type>
			<portlet-mode>edit</portlet-mode>
		</supports>
		<portlet-info>
			<title>Gadget Registry Portlet</title>
			<short-title>Gadget Registry Portlet</short-title>
			<keywords>Chapter 9</keywords>
		</portlet-info>
	</portlet>
</portlet-app>
