<?xml version="1.0" encoding="UTF-8"?>

<configuration xmlns:xsi="http://www.w3.org/2001/XMLSchema-instance" xsi:schemaLocation="http://www.exoplaform.org/xml/ns/kernel_1_2.xsd http://www.exoplaform.org/xml/ns/kernel_1_2.xsd"
	xmlns="http://www.exoplaform.org/xml/ns/kernel_1_2.xsd">
	<external-component-plugins>
		<!-- The full qualified name of the PortalContainerConfig -->
		<target-component>org.exoplatform.container.definition.PortalContainerConfig</target-component>
		<component-plugin>
			<!-- The name of the plugin -->
			<name>Add PortalContainer Definitions</name>
			<!-- The name of the method to call on the PortalContainerConfig in order to register the PortalContainerDefinitions -->
			<set-method>registerPlugin</set-method>
			<!-- The full qualified name of the PortalContainerDefinitionPlugin -->
			<type>org.exoplatform.container.definition.PortalContainerDefinitionPlugin</type>
			<init-params>
				<object-param>
					<name>financials-portal</name>
					<object type="org.exoplatform.container.definition.PortalContainerDefinition">
						<!-- The name of the portal container -->
						<field name="name"><string>financials-portal</string></field>
						<!-- The name of the context name of the rest web application -->
						<field name="restContextName"><string>rest-financials-portal</string></field>
						<!-- The name of the realm -->
						<field name="realmName"><string>gatein-domain-financials-portal</string></field>						
						<field name="externalSettingsPath">
							<string>configuration.properties</string>
						</field>
						<!-- All the dependencies of the portal container ordered by loading priority -->
						<field name="dependencies">
							<collection type="java.util.ArrayList">
								<value>
									<string>eXoResources</string>
								</value>
								<value>
									<string>portal</string>
								</value>
								<value>
									<string>dashboard</string>
								</value>
								<value>
									<string>exoadmin</string>
								</value>
								<value>
									<string>eXoGadgets</string>
								</value>
                        <value>
                           <string>gwtGadgets</string>
                        </value>
								<value>
									<string>eXoGadgetServer</string>
								</value>
								<value>
									<string>rest-financials-portal</string>
								</value>
								<value>
									<string>web</string>
								</value>
                        <!--<value profiles="jboss">
                           <string>gatein-wsrp-integration</string>
                        </value>-->
								<value>
									<string>financials-portal</string>
								</value>
							</collection>
						</field>
					</object>
				</object-param>
			</init-params>
		</component-plugin>
	</external-component-plugins>
</configuration>
