<?xml version="1.0" encoding="UTF-8"?>
<!DOCTYPE application PUBLIC
	"-//Sun Microsystems, Inc.//DTD J2EE Application 1.3//EN"
	"http://java.sun.com/dtd/application_1_3.dtd">
<application>
  <display-name>financials-portal</display-name>
  <description>Financials Portal Ear</description>
  <module>
    <java>exo.portal.financials.portal.config-3.2.0-GA.jar</java>
  </module>
  <module>
    <web>
      <web-uri>financials-portal.war</web-uri>
      <context-root>financials-portal</context-root>
    </web>
  </module>
  <module>
    <web>
      <web-uri>rest-financials-portal.war</web-uri>
      <context-root>rest-financials-portal</context-root>
    </web>
  </module>
  <module>
    <java>exo.portal.financials.portal.jar-3.2.0-GA.jar</java>
  </module>
</application>