<?xml version="1.0" encoding="UTF-8"?>
<portlet-app xmlns="http://java.sun.com/xml/ns/portlet/portlet-app_2_0.xsd"
    xmlns:xsi="http://www.w3.org/2001/XMLSchema-instance"
    xsi:schemaLocation="http://java.sun.com/xml/ns/portlet/portlet-app_2_0.xsd http://java.sun.com/xml/ns/portlet/portlet-app_2_0.xsd"
    version="2.0">
    <portlet>
        <portlet-name>HelloWorld</portlet-name>
        <portlet-class>gatein.cookbook.chapter6.HelloWorldPortlet</portlet-class>
        <supports>
            <mime-type>text/html</mime-type>
            <portlet-mode>view</portlet-mode>
        </supports>
        <supported-locale>en</supported-locale>
        <supported-locale>de</supported-locale>
        <resource-bundle>gatein.cookbook.chapter6.HelloWorldPortlet</resource-bundle>
        <portlet-info>
            <title>Hello World portlet</title>
        </portlet-info>
    </portlet>
</portlet-app>
