<?xml version="1.0" encoding="UTF-8"?>
<portlet-app xmlns="http://java.sun.com/xml/ns/portlet/portlet-app_2_0.xsd"
	version="2.0" xmlns:xsi="http://www.w3.org/2001/XMLSchema-instance"
	xsi:schemaLocation="http://java.sun.com/xml/ns/portlet/portlet-app_2_0.xsd
   http://java.sun.com/xml/ns/portlet/portlet-app_2_0.xsd">
	<portlet>
		<portlet-name>LocalJackrabbitPortlet</portlet-name>
		<portlet-class>my.gatein.LocalJackrabbitPortlet</portlet-class>
		<supports>
			<mime-type>text/html</mime-type>
			<portlet-mode>view</portlet-mode>
			<portlet-mode>edit</portlet-mode>
			<portlet-mode>help</portlet-mode>
		</supports>
		<portlet-info>
			<title>Local Jackrabbit Portlet</title>
		</portlet-info>
	</portlet>
	<portlet>
		<portlet-name>RemoteJackrabbitPortlet</portlet-name>
		<portlet-class>my.gatein.RemoteJackrabbitPortlet</portlet-class>
		<supports>
			<mime-type>text/html</mime-type>
			<portlet-mode>view</portlet-mode>
			<portlet-mode>edit</portlet-mode>
			<portlet-mode>help</portlet-mode>
		</supports>
		<portlet-info>
			<title>Remote Jackrabbit Portlet</title>
		</portlet-info>
	</portlet>
</portlet-app>