<repository-service default-repository="repository">
	<repositories>
      <repository name="repository" system-workspace="${gatein.jcr.workspace.system:system}" default-workspace="${gatein.jcr.workspace.default:portal-system}">
			<security-domain>${portal.container.realm}</security-domain>
			<access-control>optional</access-control>
			<authentication-policy>org.exoplatform.services.jcr.impl.core.access.JAASAuthenticator</authentication-policy>
			<workspaces>
				<workspace name="financials-ws">
					<container class="org.exoplatform.services.jcr.impl.storage.jdbc.optimisation.CQJDBCWorkspaceDataContainer">
						<properties>
							<property name="source-name" value="${gatein.jcr.datasource.name}${container.name.suffix}" />
							<property name="dialect" value="auto" />
							<property name="multi-db" value="false" />
							<property name="update-storage" value="true" />
							<property name="max-buffer-size" value="204800" />
							<property name="swap-directory" value="${gatein.jcr.data.dir}/swap/financials-ws${container.name.suffix}" />
						</properties>
						<value-storages>
							<value-storage id="financials-ws" class="org.exoplatform.services.jcr.impl.storage.value.fs.TreeFileValueStorage">
								<properties>
									<property name="path" value="${gatein.jcr.storage.data.dir}/financials-ws${container.name.suffix}" />
								</properties>
								<filters>
									<filter property-type="Binary" />
								</filters>
							</value-storage>
						</value-storages>
					</container>
					<initializer class="org.exoplatform.services.jcr.impl.core.ScratchWorkspaceInitializer">
						<properties>
							<property name="root-nodetype" value="nt:unstructured" />
							<property name="root-permissions" value="*:/platform/administrators read;*:/platform/administrators add_node;*:/platform/administrators set_property;*:/platform/administrators remove" />
						</properties>
					</initializer>
          <cache enabled="true" class="org.exoplatform.services.jcr.impl.dataflow.persistent.jbosscache.JBossCacheWorkspaceStorageCache">
            <properties>
              <property name="jbosscache-configuration" value="${gatein.jcr.cache.config}" />
              <property name="jgroups-configuration" value="${gatein.jcr.jgroups.config}" />
              <property name="jgroups-multiplexer-stack" value="false" />
              <property name="jbosscache-cluster-name" value="jcr${container.name.suffix}" />
              <property name="jbosscache-shareable" value="true" />
            </properties>
          </cache>
          <query-handler class="org.exoplatform.services.jcr.impl.core.query.lucene.SearchIndex">
            <properties>
              <property name="index-dir" value="${gatein.jcr.index.data.dir}/financials-ws${container.name.suffix}"/>
              <property name="changesfilter-class" value="${gatein.jcr.index.changefilterclass}" />
              <property name="jbosscache-configuration" value="${gatein.jcr.index.cache.config}" />
              <property name="jgroups-configuration" value="${gatein.jcr.jgroups.config}" />
              <property name="jgroups-multiplexer-stack" value="false" />
              <property name="jbosscache-cluster-name" value="jcrindexer${container.name.suffix}" />
              <property name="jbosscache-shareable" value="true" />
              <property name="max-volatile-time" value="60" />
            </properties>
          </query-handler>
          <lock-manager class="org.exoplatform.services.jcr.impl.core.lock.jbosscache.CacheableLockManagerImpl">
            <properties>
              <property name="time-out" value="15m" />
              <property name="jbosscache-configuration" value="${gatein.jcr.lock.cache.config}" />
              <property name="jgroups-configuration" value="${gatein.jcr.jgroups.config}" />
              <property name="jgroups-multiplexer-stack" value="false" />
              <property name="jbosscache-cluster-name" value="jcrlock${container.name.suffix}" />
              <property name="jbosscache-shareable" value="true" />
              <property name="jbosscache-cl-cache.jdbc.table.name" value="jcrlock" />
              <property name="jbosscache-cl-cache.jdbc.table.create" value="true" />
              <property name="jbosscache-cl-cache.jdbc.table.drop" value="false" />
              <property name="jbosscache-cl-cache.jdbc.table.primarykey" value="pk" />
              <property name="jbosscache-cl-cache.jdbc.fqn.column" value="fqn" />
              <property name="jbosscache-cl-cache.jdbc.node.column" value="node" />
              <property name="jbosscache-cl-cache.jdbc.parent.column" value="parent" />
              <property name="jbosscache-cl-cache.jdbc.datasource" value="${gatein.jcr.datasource.name}${container.name.suffix}" />
            </properties>
          </lock-manager>
				</workspace>
			</workspaces>
		</repository>
	</repositories>
</repository-service>
