<?xml version="1.0" encoding="UTF-8"?>
<!--

    Copyright (C) 2009 eXo Platform SAS.
    
    This is free software; you can redistribute it and/or modify it
    under the terms of the GNU Lesser General Public License as
    published by the Free Software Foundation; either version 2.1 of
    the License, or (at your option) any later version.
    
    This software is distributed in the hope that it will be useful,
    but WITHOUT ANY WARRANTY; without even the implied warranty of
    MERCHANTABILITY or FITNESS FOR A PARTICULAR PURPOSE. See the GNU
    Lesser General Public License for more details.
    
    You should have received a copy of the GNU Lesser General Public
    License along with this software; if not, write to the Free
    Software Foundation, Inc., 51 Franklin St, Fifth Floor, Boston, MA
    02110-1301 USA, or see the FSF site: http://www.fsf.org.

-->

<node-navigation
    xmlns:xsi="http://www.w3.org/2001/XMLSchema-instance"
    xsi:schemaLocation="http://www.gatein.org/xml/ns/gatein_objects_1_2 http://www.gatein.org/xml/ns/gatein_objects_1_2"
    xmlns="http://www.gatein.org/xml/ns/gatein_objects_1_2">
	<priority>1</priority>

	<page-nodes>
		<node>
			<uri>samplePage</uri>
			<name>samplePage</name>
			<label>#{portal.classic.samplePage}</label>
			<page-reference>portal::classic::samplePage</page-reference>
		</node>
		<node>
			<uri>groupnavigation</uri>
			<name>groupnavigation</name>
			<label>#{portal.classic.groupnavigation}</label>
			<!-- Change visibility attribute to displayed -->
      <visibility>DISPLAYED</visibility>
			<page-reference>portal::classic::groupnavigation</page-reference>
		</node>
		<node>
			<uri>contactus</uri>
			<name>contactus</name>
			<label>Contact us</label>
			<page-reference>portal::classic::contactus</page-reference>
		</node>
	</page-nodes>
</node-navigation>
