<?xml version="1.0" encoding="UTF-8" ?>
<Module>
  <ModulePrefs author="Cookbook Developer" 
                        title="Skype Talk"
      directory_title="Skype Talk" 
      title_url="http://www.vige.it"
      description="Speak with your friends on Skype." 
        thumbnail="images/SkypeTalk.gif"
      height="24">
    <Require feature="setprefs" />
     <Locale lang="ar" language_direction="rtl" />
  </ModulePrefs>
  <UserPref name="skypeid" display_name="Insert the Skype id"
     default_value="myaccount" />
     <Content type="html">
       <![CDATA[
       <script type="text/javascript">
         var prefs = new _IG_Prefs(__MODULE_ID__);
         var theURL = 'skype:'+prefs.getString('skypeid')+'?call';
       </script>
       <script type="text/javascript" src=
"http://download.skype.com/share/skypebuttons/js/skypeCheck.js"></script>
       <body>
       <a href="javascript:document.location=theURL">
         <img src="http://download.skype.com/share/skypebuttons/buttons/call_green_white_153x63.png" style="border: none;" width="153" height="63" alt="Skype Me™!" />
       </a></body>
       ]]>
     </Content>
</Module>